entity,owned_domain,site_role,release,release_date,model,submodel,board_family,install_method,sanitized_filename,public_owned_url,sha256,byte_size,release_state,observed_at,provenance_boundary,limitations
VNISH GLOBAL,vnish.global,canonical integrity data,1.3.4,,l7,,xil,nand,vnish-l7-xil-nand-v1.3.4.tar.gz,https://vnish.global/downloads/firmware/1.3.4/stable/vnish-l7-xil-nand-v1.3.4.tar.gz,1e46b8139e44d993f365352b680715dcfad040366d980d8636eefcdc18f41c62,16185101,historical,2026-08-12,VNISH GLOBAL public catalog metadata; binary not included.,Hash and byte-size metadata only; not a security or suitability verdict.
VNISH GLOBAL,vnish.global,canonical integrity data,1.3.4,,l9,,aml,nand,vnish-l9-aml-nand-v1.3.4.tar.gz,https://vnish.global/downloads/firmware/1.3.4/stable/vnish-l9-aml-nand-v1.3.4.tar.gz,459435cbb4a20f8f135552a9af9924e16d255da1628ccb6d638a2cb86bb3c35d,21537920,historical,2026-08-12,VNISH GLOBAL public catalog metadata; binary not included.,Hash and byte-size metadata only; not a security or suitability verdict.
VNISH GLOBAL,vnish.global,canonical integrity data,1.3.4,,l9,,cv,nand,vnish-l9-cv-nand-v1.3.4.tar.gz,https://vnish.global/downloads/firmware/1.3.4/stable/vnish-l9-cv-nand-v1.3.4.tar.gz,afdf2126fa7a6e40e0fd5b918c7cf9ca9b2561870670ad35816bfa703a47a03e,12366461,historical,2026-08-12,VNISH GLOBAL public catalog metadata; binary not included.,Hash and byte-size metadata only; not a security or suitability verdict.
VNISH GLOBAL,vnish.global,canonical integrity data,1.3.4,,s19,,xil,nand,vnish-s19-xil-nand-v1.3.4.tar.gz,https://vnish.global/downloads/firmware/1.3.4/stable/vnish-s19-xil-nand-v1.3.4.tar.gz,931fd3551dcb7d264e45180397f031c3b3a642f07150159e0b343d6b1837f035,16181712,historical,2026-08-12,VNISH GLOBAL public catalog metadata; binary not included.,Hash and byte-size metadata only; not a security or suitability verdict.
VNISH GLOBAL,vnish.global,canonical integrity data,1.3.4,,s19-126,,aml,nand,vnish-s19-126-aml-nand-v1.3.4.tar.gz,https://vnish.global/downloads/firmware/1.3.4/stable/vnish-s19-126-aml-nand-v1.3.4.tar.gz,1b81f501c9ddb453d3b773df50e9f8c0fcc73bdd17ed21eaf5a0d620701adb78,21550755,historical,2026-08-12,VNISH GLOBAL public catalog metadata; binary not included.,Hash and byte-size metadata only; not a security or suitability verdict.
VNISH GLOBAL,vnish.global,canonical integrity data,1.3.4,,s19-126,,cv,nand,vnish-s19-126-cv-nand-v1.3.4.tar.gz,https://vnish.global/downloads/firmware/1.3.4/stable/vnish-s19-126-cv-nand-v1.3.4.tar.gz,78877a6c1cfd6083e5ea92969efadbbf143015ae4227c7edfd2e136fd2a45210,12378470,historical,2026-08-12,VNISH GLOBAL public catalog metadata; binary not included.,Hash and byte-size metadata only; not a security or suitability verdict.
VNISH GLOBAL,vnish.global,canonical integrity data,1.3.4,,s19-88,,aml,nand,vnish-s19-88-aml-nand-v1.3.4.tar.gz,https://vnish.global/downloads/firmware/1.3.4/stable/vnish-s19-88-aml-nand-v1.3.4.tar.gz,fc91465dbedbf4fed85b15f5cff4bcfb83247c877fbf07ed940c3b2f55f3c33a,21549160,historical,2026-08-12,VNISH GLOBAL public catalog metadata; binary not included.,Hash and byte-size metadata only; not a security or suitability verdict.
VNISH GLOBAL,vnish.global,canonical integrity data,1.3.4,,s19-88,,bb,nand,vnish-s19-88-bb-nand-v1.3.4.tar.gz,https://vnish.global/downloads/firmware/1.3.4/stable/vnish-s19-88-bb-nand-v1.3.4.tar.gz,a7a3e49237491f16e997aab43d9649cac22e2fd60bf2bb21c68118b0581fdd2d,19264796,historical,2026-08-12,VNISH GLOBAL public catalog metadata; binary not included.,Hash and byte-size metadata only; not a security or suitability verdict.
VNISH GLOBAL,vnish.global,canonical integrity data,1.3.4,,s19-88,,cv,nand,vnish-s19-88-cv-nand-v1.3.4.tar.gz,https://vnish.global/downloads/firmware/1.3.4/stable/vnish-s19-88-cv-nand-v1.3.4.tar.gz,9ee66b368148f5750e9c9a9ceca8edc051f1591caf236dd4336809522919b970,12377753,historical,2026-08-12,VNISH GLOBAL public catalog metadata; binary not included.,Hash and byte-size metadata only; not a security or suitability verdict.
VNISH GLOBAL,vnish.global,canonical integrity data,1.3.4,,s19-88,,xil,nand,vnish-s19-88-xil-nand-v1.3.4.tar.gz,https://vnish.global/downloads/firmware/1.3.4/stable/vnish-s19-88-xil-nand-v1.3.4.tar.gz,e864e3b32ff7ffac04dded716a1a768899ac75d31916af8e5ca792c5481fc828,16180554,historical,2026-08-12,VNISH GLOBAL public catalog metadata; binary not included.,Hash and byte-size metadata only; not a security or suitability verdict.
VNISH GLOBAL,vnish.global,canonical integrity data,1.3.4,,s19-hydro,,xil,nand,vnish-s19-hydro-xil-nand-v1.3.4.tar.gz,https://vnish.global/downloads/firmware/1.3.4/stable/vnish-s19-hydro-xil-nand-v1.3.4.tar.gz,0c7bcf1900cbd0ee12ff0ac20d0349989d5688bee19cad378ce9a23807c0d142,16165383,historical,2026-08-12,VNISH GLOBAL public catalog metadata; binary not included.,Hash and byte-size metadata only; not a security or suitability verdict.
VNISH GLOBAL,vnish.global,canonical integrity data,1.3.4,,s19a,,xil,nand,vnish-s19a-xil-nand-v1.3.4.tar.gz,https://vnish.global/downloads/firmware/1.3.4/stable/vnish-s19a-xil-nand-v1.3.4.tar.gz,d1b0139a1dfd92697b7eee90eedadc033091890c770986c6ed21bf5f8caafcfe,16181720,historical,2026-08-12,VNISH GLOBAL public catalog metadata; binary not included.,Hash and byte-size metadata only; not a security or suitability verdict.
VNISH GLOBAL,vnish.global,canonical integrity data,1.3.4,,s19apro,,xil,nand,vnish-s19apro-xil-nand-v1.3.4.tar.gz,https://vnish.global/downloads/firmware/1.3.4/stable/vnish-s19apro-xil-nand-v1.3.4.tar.gz,a80dffb1a9d2cb076083fe1bf89a83e9fe46b1d14cae73c49baa0bc4f234d0f2,16167562,historical,2026-08-12,VNISH GLOBAL public catalog metadata; binary not included.,Hash and byte-size metadata only; not a security or suitability verdict.
VNISH GLOBAL,vnish.global,canonical integrity data,1.3.4,,s19e-xp-hydro,,xil,nand,vnish-s19e-xp-hydro-xil-nand-v1.3.4.tar.gz,https://vnish.global/downloads/firmware/1.3.4/stable/vnish-s19e-xp-hydro-xil-nand-v1.3.4.tar.gz,7601944d5587622612fb2e1f64f7c6e7bdd9ebde5f63a8012b3ddba9471a1be7,16165832,historical,2026-08-12,VNISH GLOBAL public catalog metadata; binary not included.,Hash and byte-size metadata only; not a security or suitability verdict.
VNISH GLOBAL,vnish.global,canonical integrity data,1.3.4,,s19i,,xil,nand,vnish-s19i-xil-nand-v1.3.4.tar.gz,https://vnish.global/downloads/firmware/1.3.4/stable/vnish-s19i-xil-nand-v1.3.4.tar.gz,30f6343baedddc3e934beb5a8261b505ac61a0e0fa300c67c8058f84c2dbaef9,16171409,historical,2026-08-12,VNISH GLOBAL public catalog metadata; binary not included.,Hash and byte-size metadata only; not a security or suitability verdict.
VNISH GLOBAL,vnish.global,canonical integrity data,1.3.4,,s19j,,bb,nand,vnish-s19j-bb-nand-v1.3.4.tar.gz,https://vnish.global/downloads/firmware/1.3.4/stable/vnish-s19j-bb-nand-v1.3.4.tar.gz,5f1ae16b9ea8c19f9f6addc0d019eff02dcb5aebbcdfb5124fa05f26702b10c8,19253507,historical,2026-08-12,VNISH GLOBAL public catalog metadata; binary not included.,Hash and byte-size metadata only; not a security or suitability verdict.
VNISH GLOBAL,vnish.global,canonical integrity data,1.3.4,,s19j,,cv,nand,vnish-s19j-cv-nand-v1.3.4.tar.gz,https://vnish.global/downloads/firmware/1.3.4/stable/vnish-s19j-cv-nand-v1.3.4.tar.gz,ef4f6829b1e7510b606bdb3fc2c469e46998d2476195b42bb452557a381bf8d9,12362614,historical,2026-08-12,VNISH GLOBAL public catalog metadata; binary not included.,Hash and byte-size metadata only; not a security or suitability verdict.
VNISH GLOBAL,vnish.global,canonical integrity data,1.3.4,,s19j,,xil,nand,vnish-s19j-xil-nand-v1.3.4.tar.gz,https://vnish.global/downloads/firmware/1.3.4/stable/vnish-s19j-xil-nand-v1.3.4.tar.gz,20f15e964d2fe9baa3667752d17aa749d9c527cd2dcca6667463ea4944bcc43b,16165218,historical,2026-08-12,VNISH GLOBAL public catalog metadata; binary not included.,Hash and byte-size metadata only; not a security or suitability verdict.
VNISH GLOBAL,vnish.global,canonical integrity data,1.3.4,,s19j-plus,,aml,nand,vnish-s19j-plus-aml-nand-v1.3.4.tar.gz,https://vnish.global/downloads/firmware/1.3.4/stable/vnish-s19j-plus-aml-nand-v1.3.4.tar.gz,ab88ee0a9c3bf64204b30f7b1d7abc63aa8b8dde5e252e9ef09524673911889e,21540919,historical,2026-08-12,VNISH GLOBAL public catalog metadata; binary not included.,Hash and byte-size metadata only; not a security or suitability verdict.
VNISH GLOBAL,vnish.global,canonical integrity data,1.3.4,,s19j-plus,,bb,nand,vnish-s19j-plus-bb-nand-v1.3.4.tar.gz,https://vnish.global/downloads/firmware/1.3.4/stable/vnish-s19j-plus-bb-nand-v1.3.4.tar.gz,d65c9437a05f1ecbf7996b17c5ea291c3e87090bd7ddaef209cc7c675cb577b3,19259391,historical,2026-08-12,VNISH GLOBAL public catalog metadata; binary not included.,Hash and byte-size metadata only; not a security or suitability verdict.
VNISH GLOBAL,vnish.global,canonical integrity data,1.3.4,,s19j-plus,,cv,nand,vnish-s19j-plus-cv-nand-v1.3.4.tar.gz,https://vnish.global/downloads/firmware/1.3.4/stable/vnish-s19j-plus-cv-nand-v1.3.4.tar.gz,bf0b72d5711b774ab58876458ad589f621660bbd5ad048577f6b1e62dce7eb3c,12371444,historical,2026-08-12,VNISH GLOBAL public catalog metadata; binary not included.,Hash and byte-size metadata only; not a security or suitability verdict.
VNISH GLOBAL,vnish.global,canonical integrity data,1.3.4,,s19j-plus,,xil,nand,vnish-s19j-plus-xil-nand-v1.3.4.tar.gz,https://vnish.global/downloads/firmware/1.3.4/stable/vnish-s19j-plus-xil-nand-v1.3.4.tar.gz,6361a55b19bc99226c94af421e24d339f5b50377f3188b4632ee0e6e5c101321,16186846,historical,2026-08-12,VNISH GLOBAL public catalog metadata; binary not included.,Hash and byte-size metadata only; not a security or suitability verdict.
VNISH GLOBAL,vnish.global,canonical integrity data,1.3.4,,s19j-xp,,aml,nand,vnish-s19j-xp-aml-nand-v1.3.4.tar.gz,https://vnish.global/downloads/firmware/1.3.4/stable/vnish-s19j-xp-aml-nand-v1.3.4.tar.gz,a941e456e35d781cc994cec3ce0693c08d98cfaafba3e8a2578272dbe318c438,21542047,historical,2026-08-12,VNISH GLOBAL public catalog metadata; binary not included.,Hash and byte-size metadata only; not a security or suitability verdict.
VNISH GLOBAL,vnish.global,canonical integrity data,1.3.4,,s19j-xp,,cv,nand,vnish-s19j-xp-cv-nand-v1.3.4.tar.gz,https://vnish.global/downloads/firmware/1.3.4/stable/vnish-s19j-xp-cv-nand-v1.3.4.tar.gz,88e1322c3973611423bf0666989e3c4f412bbe8a478112164e379fe52e4bb092,12376987,historical,2026-08-12,VNISH GLOBAL public catalog metadata; binary not included.,Hash and byte-size metadata only; not a security or suitability verdict.
VNISH GLOBAL,vnish.global,canonical integrity data,1.3.4,,s19j-xp,,xil,nand,vnish-s19j-xp-xil-nand-v1.3.4.tar.gz,https://vnish.global/downloads/firmware/1.3.4/stable/vnish-s19j-xp-xil-nand-v1.3.4.tar.gz,d258ec81eb4b60121e8c9fea3061f25244e8a64133031ae82622fe96c5938ffa,16166134,historical,2026-08-12,VNISH GLOBAL public catalog metadata; binary not included.,Hash and byte-size metadata only; not a security or suitability verdict.
VNISH GLOBAL,vnish.global,canonical integrity data,1.3.4,,s19jpro,,aml,nand,vnish-s19jpro-aml-nand-v1.3.4.tar.gz,https://vnish.global/downloads/firmware/1.3.4/stable/vnish-s19jpro-aml-nand-v1.3.4.tar.gz,e2e7986d6c04faa8d935a4bef2987ae6a0ec0434a93e5225d369d53b2f1035cf,21550111,historical,2026-08-12,VNISH GLOBAL public catalog metadata; binary not included.,Hash and byte-size metadata only; not a security or suitability verdict.
VNISH GLOBAL,vnish.global,canonical integrity data,1.3.4,,s19jpro,,bb,nand,vnish-s19jpro-bb-nand-v1.3.4.tar.gz,https://vnish.global/downloads/firmware/1.3.4/stable/vnish-s19jpro-bb-nand-v1.3.4.tar.gz,27f21cf147760746fd321e3e4a0377003765b8f62627af51d2918725198bca03,19268196,historical,2026-08-12,VNISH GLOBAL public catalog metadata; binary not included.,Hash and byte-size metadata only; not a security or suitability verdict.
VNISH GLOBAL,vnish.global,canonical integrity data,1.3.4,,s19jpro,,cv,nand,vnish-s19jpro-cv-nand-v1.3.4.tar.gz,https://vnish.global/downloads/firmware/1.3.4/stable/vnish-s19jpro-cv-nand-v1.3.4.tar.gz,a8ff98cdc7e43674008b7adcd58c589eb97bc274743e48efc3aa6e6ca653ff7d,12378768,historical,2026-08-12,VNISH GLOBAL public catalog metadata; binary not included.,Hash and byte-size metadata only; not a security or suitability verdict.
VNISH GLOBAL,vnish.global,canonical integrity data,1.3.4,,s19jpro,,xil,nand,vnish-s19jpro-xil-nand-v1.3.4.tar.gz,https://vnish.global/downloads/firmware/1.3.4/stable/vnish-s19jpro-xil-nand-v1.3.4.tar.gz,8a9449ce44660e8de305dce0726ac45dbb8cd9b66b0fdee499bad08946707174,16180365,historical,2026-08-12,VNISH GLOBAL public catalog metadata; binary not included.,Hash and byte-size metadata only; not a security or suitability verdict.
VNISH GLOBAL,vnish.global,canonical integrity data,1.3.4,,s19jpro-a,,aml,nand,vnish-s19jpro-a-aml-nand-v1.3.4.tar.gz,https://vnish.global/downloads/firmware/1.3.4/stable/vnish-s19jpro-a-aml-nand-v1.3.4.tar.gz,afd3d25d07fb446b8ab079aa1ed0b09229073f6d7a4f2ce174c7958df954ccf4,21545066,historical,2026-08-12,VNISH GLOBAL public catalog metadata; binary not included.,Hash and byte-size metadata only; not a security or suitability verdict.
VNISH GLOBAL,vnish.global,canonical integrity data,1.3.4,,s19jpro-a,,bb,nand,vnish-s19jpro-a-bb-nand-v1.3.4.tar.gz,https://vnish.global/downloads/firmware/1.3.4/stable/vnish-s19jpro-a-bb-nand-v1.3.4.tar.gz,6c55bb9cbd7946fb54635d7b9f832d9e1d39b62e896987a6a9bc892dbad20d6c,19249379,historical,2026-08-12,VNISH GLOBAL public catalog metadata; binary not included.,Hash and byte-size metadata only; not a security or suitability verdict.
VNISH GLOBAL,vnish.global,canonical integrity data,1.3.4,,s19jpro-a,,cv,nand,vnish-s19jpro-a-cv-nand-v1.3.4.tar.gz,https://vnish.global/downloads/firmware/1.3.4/stable/vnish-s19jpro-a-cv-nand-v1.3.4.tar.gz,35aa56a9b80895658868a100da25078b6d30d9a4c877b96b1901f867cb3c1878,12376595,historical,2026-08-12,VNISH GLOBAL public catalog metadata; binary not included.,Hash and byte-size metadata only; not a security or suitability verdict.
VNISH GLOBAL,vnish.global,canonical integrity data,1.3.4,,s19jpro-plus,,aml,nand,vnish-s19jpro-plus-aml-nand-v1.3.4.tar.gz,https://vnish.global/downloads/firmware/1.3.4/stable/vnish-s19jpro-plus-aml-nand-v1.3.4.tar.gz,eca01f752b956055b744ee277181b4ac2c859e57438c2f579e94a154c26a7f6f,21544665,historical,2026-08-12,VNISH GLOBAL public catalog metadata; binary not included.,Hash and byte-size metadata only; not a security or suitability verdict.
VNISH GLOBAL,vnish.global,canonical integrity data,1.3.4,,s19jpro-plus,,bb,nand,vnish-s19jpro-plus-bb-nand-v1.3.4.tar.gz,https://vnish.global/downloads/firmware/1.3.4/stable/vnish-s19jpro-plus-bb-nand-v1.3.4.tar.gz,8dd843fd8574eaec5841a126d9b9d2a9818782649187b34e03d1aae8998af26a,19253839,historical,2026-08-12,VNISH GLOBAL public catalog metadata; binary not included.,Hash and byte-size metadata only; not a security or suitability verdict.
VNISH GLOBAL,vnish.global,canonical integrity data,1.3.4,,s19jpro-plus,,cv,nand,vnish-s19jpro-plus-cv-nand-v1.3.4.tar.gz,https://vnish.global/downloads/firmware/1.3.4/stable/vnish-s19jpro-plus-cv-nand-v1.3.4.tar.gz,4f7a681a83859e476e21d0d846df4cb4afb49bee8414cca8aa982a2c44a815d8,12357797,historical,2026-08-12,VNISH GLOBAL public catalog metadata; binary not included.,Hash and byte-size metadata only; not a security or suitability verdict.
VNISH GLOBAL,vnish.global,canonical integrity data,1.3.4,,s19jpro-plus,,xil,nand,vnish-s19jpro-plus-xil-nand-v1.3.4.tar.gz,https://vnish.global/downloads/firmware/1.3.4/stable/vnish-s19jpro-plus-xil-nand-v1.3.4.tar.gz,03942a74e3c6a0c32c15b9ef77a07f9597f5e56ed1cf38059f781884d92caa6b,16165283,historical,2026-08-12,VNISH GLOBAL public catalog metadata; binary not included.,Hash and byte-size metadata only; not a security or suitability verdict.
VNISH GLOBAL,vnish.global,canonical integrity data,1.3.4,,s19kpro,,aml,nand,vnish-s19kpro-aml-nand-v1.3.4.tar.gz,https://vnish.global/downloads/firmware/1.3.4/stable/vnish-s19kpro-aml-nand-v1.3.4.tar.gz,91b3239aaed1a5afc9a57f193b0233f9f5ab703142d58a8a31d002a4ea0938c3,21548876,historical,2026-08-12,VNISH GLOBAL public catalog metadata; binary not included.,Hash and byte-size metadata only; not a security or suitability verdict.
VNISH GLOBAL,vnish.global,canonical integrity data,1.3.4,,s19kpro,,cv,nand,vnish-s19kpro-cv-nand-v1.3.4.tar.gz,https://vnish.global/downloads/firmware/1.3.4/stable/vnish-s19kpro-cv-nand-v1.3.4.tar.gz,e6bfbf24498be2546c9ce6ed81be27306b0f3d7b296e9db86fbac65f0761d195,12381544,historical,2026-08-12,VNISH GLOBAL public catalog metadata; binary not included.,Hash and byte-size metadata only; not a security or suitability verdict.
VNISH GLOBAL,vnish.global,canonical integrity data,1.3.4,,s19kpro,,xil,nand,vnish-s19kpro-xil-nand-v1.3.4.tar.gz,https://vnish.global/downloads/firmware/1.3.4/stable/vnish-s19kpro-xil-nand-v1.3.4.tar.gz,e8d2e2a4b167dbe7b658bba04fb3420ccfc5db0dd006175c189d5b0057415867,16181989,historical,2026-08-12,VNISH GLOBAL public catalog metadata; binary not included.,Hash and byte-size metadata only; not a security or suitability verdict.
VNISH GLOBAL,vnish.global,canonical integrity data,1.3.4,,s19plus,,xil,nand,vnish-s19plus-xil-nand-v1.3.4.tar.gz,https://vnish.global/downloads/firmware/1.3.4/stable/vnish-s19plus-xil-nand-v1.3.4.tar.gz,899f3fa0e2456ec78f49b1708f6c70243a8ab9014c6baf7f04a6ca2ecf9d887e,16185534,historical,2026-08-12,VNISH GLOBAL public catalog metadata; binary not included.,Hash and byte-size metadata only; not a security or suitability verdict.
VNISH GLOBAL,vnish.global,canonical integrity data,1.3.4,,s19pro,,xil,nand,vnish-s19pro-xil-nand-v1.3.4.tar.gz,https://vnish.global/downloads/firmware/1.3.4/stable/vnish-s19pro-xil-nand-v1.3.4.tar.gz,20ff9aadf6a99729719782aad693b69aa1d9ef8db79ade9a119d9e01aac7f4c7,16182037,historical,2026-08-12,VNISH GLOBAL public catalog metadata; binary not included.,Hash and byte-size metadata only; not a security or suitability verdict.
VNISH GLOBAL,vnish.global,canonical integrity data,1.3.4,,s19pro-a,,xil,nand,vnish-s19pro-a-xil-nand-v1.3.4.tar.gz,https://vnish.global/downloads/firmware/1.3.4/stable/vnish-s19pro-a-xil-nand-v1.3.4.tar.gz,9dd15ae23c1b79b1f4e47d40b063caa97e55cba93d229f836985abd3edc95514,16179511,historical,2026-08-12,VNISH GLOBAL public catalog metadata; binary not included.,Hash and byte-size metadata only; not a security or suitability verdict.
VNISH GLOBAL,vnish.global,canonical integrity data,1.3.4,,s19pro-hydro,,xil,nand,vnish-s19pro-hydro-xil-nand-v1.3.4.tar.gz,https://vnish.global/downloads/firmware/1.3.4/stable/vnish-s19pro-hydro-xil-nand-v1.3.4.tar.gz,fc6c46b9f3e2e20654e446df4566a75e650847c91e260f84b1136f3fc6aae3c1,16185458,historical,2026-08-12,VNISH GLOBAL public catalog metadata; binary not included.,Hash and byte-size metadata only; not a security or suitability verdict.
VNISH GLOBAL,vnish.global,canonical integrity data,1.3.4,,s19pro-hydro-120,,xil,nand,vnish-s19pro-hydro-120-xil-nand-v1.3.4.tar.gz,https://vnish.global/downloads/firmware/1.3.4/stable/vnish-s19pro-hydro-120-xil-nand-v1.3.4.tar.gz,0082d9991237cdfc8ba2bb1dd1778670a0b4bc938b549fa567923d82128b806f,16171604,historical,2026-08-12,VNISH GLOBAL public catalog metadata; binary not included.,Hash and byte-size metadata only; not a security or suitability verdict.
VNISH GLOBAL,vnish.global,canonical integrity data,1.3.4,,s19pro-plus-hydro,,xil,nand,vnish-s19pro-plus-hydro-xil-nand-v1.3.4.tar.gz,https://vnish.global/downloads/firmware/1.3.4/stable/vnish-s19pro-plus-hydro-xil-nand-v1.3.4.tar.gz,7598b685c5db7dd10c7c46731cb9cbda4dead93f7457a708d569cb73f6778d08,16170622,historical,2026-08-12,VNISH GLOBAL public catalog metadata; binary not included.,Hash and byte-size metadata only; not a security or suitability verdict.
VNISH GLOBAL,vnish.global,canonical integrity data,1.3.4,,s19xp,,aml,nand,vnish-s19xp-aml-nand-v1.3.4.tar.gz,https://vnish.global/downloads/firmware/1.3.4/stable/vnish-s19xp-aml-nand-v1.3.4.tar.gz,cbdc4e3ad9f7a5f1baec9ea1aa486b06db9b50930ee6c3a65a006fa72eb13d71,21541934,historical,2026-08-12,VNISH GLOBAL public catalog metadata; binary not included.,Hash and byte-size metadata only; not a security or suitability verdict.
VNISH GLOBAL,vnish.global,canonical integrity data,1.3.4,,s19xp,,cv,nand,vnish-s19xp-cv-nand-v1.3.4.tar.gz,https://vnish.global/downloads/firmware/1.3.4/stable/vnish-s19xp-cv-nand-v1.3.4.tar.gz,7ff5391d1b3d42c4830aa9b33a838c66646fa5322f67f4f37142802a75b2fc2e,12359683,historical,2026-08-12,VNISH GLOBAL public catalog metadata; binary not included.,Hash and byte-size metadata only; not a security or suitability verdict.
VNISH GLOBAL,vnish.global,canonical integrity data,1.3.4,,s19xp,,xil,nand,vnish-s19xp-xil-nand-v1.3.4.tar.gz,https://vnish.global/downloads/firmware/1.3.4/stable/vnish-s19xp-xil-nand-v1.3.4.tar.gz,86b0f300eef82e347dceedb0fd4916aa8ec55807a80b606be249fe6fbc8ebb2f,16169985,historical,2026-08-12,VNISH GLOBAL public catalog metadata; binary not included.,Hash and byte-size metadata only; not a security or suitability verdict.
VNISH GLOBAL,vnish.global,canonical integrity data,1.3.4,,s19xp-hydro,,xil,nand,vnish-s19xp-hydro-xil-nand-v1.3.4.tar.gz,https://vnish.global/downloads/firmware/1.3.4/stable/vnish-s19xp-hydro-xil-nand-v1.3.4.tar.gz,0bcca6d466a2fc1db9c4d278910221d7111cab0ad9cee65d517184c53ce0c150,16172362,historical,2026-08-12,VNISH GLOBAL public catalog metadata; binary not included.,Hash and byte-size metadata only; not a security or suitability verdict.
VNISH GLOBAL,vnish.global,canonical integrity data,1.3.4,,s19xp-plus,,aml,nand,vnish-s19xp-plus-aml-nand-v1.3.4.tar.gz,https://vnish.global/downloads/firmware/1.3.4/stable/vnish-s19xp-plus-aml-nand-v1.3.4.tar.gz,6bbc2a4822f603e3851401a6d4f1af14f42bf5aedb91eb9de44e51a673aa1a6b,21541828,historical,2026-08-12,VNISH GLOBAL public catalog metadata; binary not included.,Hash and byte-size metadata only; not a security or suitability verdict.
VNISH GLOBAL,vnish.global,canonical integrity data,1.3.4,,s19xp-plus-hydro,,xil,nand,vnish-s19xp-plus-hydro-xil-nand-v1.3.4.tar.gz,https://vnish.global/downloads/firmware/1.3.4/stable/vnish-s19xp-plus-hydro-xil-nand-v1.3.4.tar.gz,6d2c1838f724c39db6a643db10f782ab1681f61cb650de69a53cf73de3cb72bd,16166005,historical,2026-08-12,VNISH GLOBAL public catalog metadata; binary not included.,Hash and byte-size metadata only; not a security or suitability verdict.
VNISH GLOBAL,vnish.global,canonical integrity data,1.3.4,,s21,,aml,nand,vnish-s21-aml-nand-v1.3.4.tar.gz,https://vnish.global/downloads/firmware/1.3.4/stable/vnish-s21-aml-nand-v1.3.4.tar.gz,5474fc4e3d97b0460cc95ca402752eb755199c38b1a61e3165e4d67550344b58,21541837,historical,2026-08-12,VNISH GLOBAL public catalog metadata; binary not included.,Hash and byte-size metadata only; not a security or suitability verdict.
VNISH GLOBAL,vnish.global,canonical integrity data,1.3.4,,s21-hydro,,xil,nand,vnish-s21-hydro-xil-nand-v1.3.4.tar.gz,https://vnish.global/downloads/firmware/1.3.4/stable/vnish-s21-hydro-xil-nand-v1.3.4.tar.gz,78926aecc84dab3940d08c165450f13d8e022a7402602fe0653120babc3a9367,16180710,historical,2026-08-12,VNISH GLOBAL public catalog metadata; binary not included.,Hash and byte-size metadata only; not a security or suitability verdict.
VNISH GLOBAL,vnish.global,canonical integrity data,1.3.4,,s21-imm,,aml,nand,vnish-s21-imm-aml-nand-v1.3.4.tar.gz,https://vnish.global/downloads/firmware/1.3.4/stable/vnish-s21-imm-aml-nand-v1.3.4.tar.gz,e9269a67d413c686c4a7d21af003000ba4d7fa22d4b36af8ced4d9dec511d078,21552292,historical,2026-08-12,VNISH GLOBAL public catalog metadata; binary not included.,Hash and byte-size metadata only; not a security or suitability verdict.
VNISH GLOBAL,vnish.global,canonical integrity data,1.3.4,,s21e-hydro,,aml,nand,vnish-s21e-hydro-aml-nand-v1.3.4.tar.gz,https://vnish.global/downloads/firmware/1.3.4/stable/vnish-s21e-hydro-aml-nand-v1.3.4.tar.gz,50ccbe2d9c37c2286367c48756c3c81b2a9bf15277134699b46ae6925bedc92b,21560163,historical,2026-08-12,VNISH GLOBAL public catalog metadata; binary not included.,Hash and byte-size metadata only; not a security or suitability verdict.
VNISH GLOBAL,vnish.global,canonical integrity data,1.3.4,,s21e-hydro,,xil,nand,vnish-s21e-hydro-xil-nand-v1.3.4.tar.gz,https://vnish.global/downloads/firmware/1.3.4/stable/vnish-s21e-hydro-xil-nand-v1.3.4.tar.gz,0790bbd3b5d57ab22f56ecc000319f87e651ee38e6466ea08c91f647bb6b18fb,16184882,historical,2026-08-12,VNISH GLOBAL public catalog metadata; binary not included.,Hash and byte-size metadata only; not a security or suitability verdict.
VNISH GLOBAL,vnish.global,canonical integrity data,1.3.4,,s21e-xp-hydro,,xil,nand,vnish-s21e-xp-hydro-xil-nand-v1.3.4.tar.gz,https://vnish.global/downloads/firmware/1.3.4/stable/vnish-s21e-xp-hydro-xil-nand-v1.3.4.tar.gz,0cbcbf781b3dff559fc806a00a2347be37c79afa7b325d0eb9dfda965ff342a9,16180206,historical,2026-08-12,VNISH GLOBAL public catalog metadata; binary not included.,Hash and byte-size metadata only; not a security or suitability verdict.
VNISH GLOBAL,vnish.global,canonical integrity data,1.3.4,,s21plus,,aml,nand,vnish-s21plus-aml-nand-v1.3.4.tar.gz,https://vnish.global/downloads/firmware/1.3.4/stable/vnish-s21plus-aml-nand-v1.3.4.tar.gz,92afc21d30b0ab896fdb47d36f6fddb5377625415f8bcef98464704d01814c4a,21553994,historical,2026-08-12,VNISH GLOBAL public catalog metadata; binary not included.,Hash and byte-size metadata only; not a security or suitability verdict.
VNISH GLOBAL,vnish.global,canonical integrity data,1.3.4,,s21plus-hydro,,cv,nand,vnish-s21plus-hydro-cv-nand-v1.3.4.tar.gz,https://vnish.global/downloads/firmware/1.3.4/stable/vnish-s21plus-hydro-cv-nand-v1.3.4.tar.gz,b39e17689e217959a1dfd8cdda84c06f00dba298a8e3c486bd71640f49eb5ef0,12371136,historical,2026-08-12,VNISH GLOBAL public catalog metadata; binary not included.,Hash and byte-size metadata only; not a security or suitability verdict.
VNISH GLOBAL,vnish.global,canonical integrity data,1.3.4,,s21plus-hydro,,xil,nand,vnish-s21plus-hydro-xil-nand-v1.3.4.tar.gz,https://vnish.global/downloads/firmware/1.3.4/stable/vnish-s21plus-hydro-xil-nand-v1.3.4.tar.gz,3a06e4854af8e615d626fb8d2611558df37fbb39a762271c5cdd8072e60fe4b4,16178863,historical,2026-08-12,VNISH GLOBAL public catalog metadata; binary not included.,Hash and byte-size metadata only; not a security or suitability verdict.
VNISH GLOBAL,vnish.global,canonical integrity data,1.3.4,,s21pro,,aml,nand,vnish-s21pro-aml-nand-v1.3.4.tar.gz,https://vnish.global/downloads/firmware/1.3.4/stable/vnish-s21pro-aml-nand-v1.3.4.tar.gz,53248a81f7640f38bfc526c9888a5636798c13ed6deac1367a1818230f14170f,21537507,historical,2026-08-12,VNISH GLOBAL public catalog metadata; binary not included.,Hash and byte-size metadata only; not a security or suitability verdict.
VNISH GLOBAL,vnish.global,canonical integrity data,1.3.4,,s21pro-plus,,aml,nand,vnish-s21pro-plus-aml-nand-v1.3.4.tar.gz,https://vnish.global/downloads/firmware/1.3.4/stable/vnish-s21pro-plus-aml-nand-v1.3.4.tar.gz,3b12f77a8fd4956502cb60202df27904ae5c3b43c9a72f96001a813633529294,21539436,historical,2026-08-12,VNISH GLOBAL public catalog metadata; binary not included.,Hash and byte-size metadata only; not a security or suitability verdict.
VNISH GLOBAL,vnish.global,canonical integrity data,1.3.4,,s21xp,,aml,nand,vnish-s21xp-aml-nand-v1.3.4.tar.gz,https://vnish.global/downloads/firmware/1.3.4/stable/vnish-s21xp-aml-nand-v1.3.4.tar.gz,1d8712255bde70c74020ea8b94a4682ce9924d29bec46f846d30efa47628ad31,21537555,historical,2026-08-12,VNISH GLOBAL public catalog metadata; binary not included.,Hash and byte-size metadata only; not a security or suitability verdict.
VNISH GLOBAL,vnish.global,canonical integrity data,1.3.4,,s21xp-hydro,,xil,nand,vnish-s21xp-hydro-xil-nand-v1.3.4.tar.gz,https://vnish.global/downloads/firmware/1.3.4/stable/vnish-s21xp-hydro-xil-nand-v1.3.4.tar.gz,2bcf785218433edf6bb72b17036a4a5f15d10a491d8ca71733aa3c1726e032e5,16171035,historical,2026-08-12,VNISH GLOBAL public catalog metadata; binary not included.,Hash and byte-size metadata only; not a security or suitability verdict.
VNISH GLOBAL,vnish.global,canonical integrity data,1.3.4,,s21xp-imm,,aml,nand,vnish-s21xp-imm-aml-nand-v1.3.4.tar.gz,https://vnish.global/downloads/firmware/1.3.4/stable/vnish-s21xp-imm-aml-nand-v1.3.4.tar.gz,18f564d925f8cf671a6395279b4d5ed46900ae024d32dac3644228282a7dc7c2,21543752,historical,2026-08-12,VNISH GLOBAL public catalog metadata; binary not included.,Hash and byte-size metadata only; not a security or suitability verdict.
VNISH GLOBAL,vnish.global,canonical integrity data,1.3.4,,t19,,xil,nand,vnish-t19-xil-nand-v1.3.4.tar.gz,https://vnish.global/downloads/firmware/1.3.4/stable/vnish-t19-xil-nand-v1.3.4.tar.gz,463a3254504ef75b87664eb4fdc62e11eafed67f25196640c4c299e90b320d23,16167259,historical,2026-08-12,VNISH GLOBAL public catalog metadata; binary not included.,Hash and byte-size metadata only; not a security or suitability verdict.
VNISH GLOBAL,vnish.global,canonical integrity data,1.3.4,,t19-hydro,,xil,nand,vnish-t19-hydro-xil-nand-v1.3.4.tar.gz,https://vnish.global/downloads/firmware/1.3.4/stable/vnish-t19-hydro-xil-nand-v1.3.4.tar.gz,cf6006226775564fa6fd250dec5907e2b62465f83b909a89e66af234c1060366,16172938,historical,2026-08-12,VNISH GLOBAL public catalog metadata; binary not included.,Hash and byte-size metadata only; not a security or suitability verdict.
VNISH GLOBAL,vnish.global,canonical integrity data,1.3.4,,t19pro-hydro,,xil,nand,vnish-t19pro-hydro-xil-nand-v1.3.4.tar.gz,https://vnish.global/downloads/firmware/1.3.4/stable/vnish-t19pro-hydro-xil-nand-v1.3.4.tar.gz,86853489c7536e0443937b3e4a2e95bf5b3473f52c949e62487b7c1eee65c488,16175593,historical,2026-08-12,VNISH GLOBAL public catalog metadata; binary not included.,Hash and byte-size metadata only; not a security or suitability verdict.
VNISH GLOBAL,vnish.global,canonical integrity data,1.3.4,,t21,,aml,nand,vnish-t21-aml-nand-v1.3.4.tar.gz,https://vnish.global/downloads/firmware/1.3.4/stable/vnish-t21-aml-nand-v1.3.4.tar.gz,0d185bfe2b2c73a98e0b56d75f2883ec86340bfa54f680224f63f3da7f96db93,21551399,historical,2026-08-12,VNISH GLOBAL public catalog metadata; binary not included.,Hash and byte-size metadata only; not a security or suitability verdict.
VNISH GLOBAL,vnish.global,canonical integrity data,1.3.4,,t21,,cv,nand,vnish-t21-cv-nand-v1.3.4.tar.gz,https://vnish.global/downloads/firmware/1.3.4/stable/vnish-t21-cv-nand-v1.3.4.tar.gz,afc8b4c445b7c20f55e4d3299a8b5cf43623b1ed660fd3a2650dfd4fba72a268,12374271,historical,2026-08-12,VNISH GLOBAL public catalog metadata; binary not included.,Hash and byte-size metadata only; not a security or suitability verdict.
VNISH GLOBAL,vnish.global,canonical integrity data,1.3.4,,t21,,xil,nand,vnish-t21-xil-nand-v1.3.4.tar.gz,https://vnish.global/downloads/firmware/1.3.4/stable/vnish-t21-xil-nand-v1.3.4.tar.gz,c57b662f2bd65ee1d445bee4d2bfef3cbe530f70cfcf55d7541438d9b1486fa5,16185938,historical,2026-08-12,VNISH GLOBAL public catalog metadata; binary not included.,Hash and byte-size metadata only; not a security or suitability verdict.
VNISH GLOBAL,vnish.global,canonical integrity data,1.3.4,,u3s19xph,,cv,nand,vnish-u3s19xph-cv-nand-v1.3.4.tar.gz,https://vnish.global/downloads/firmware/1.3.4/stable/vnish-u3s19xph-cv-nand-v1.3.4.tar.gz,1fbd8174dbce7ffd8ecba7ca4fa93bdcd92fc8b6c448a410dd94039794cbb0fe,12379740,historical,2026-08-12,VNISH GLOBAL public catalog metadata; binary not included.,Hash and byte-size metadata only; not a security or suitability verdict.
VNISH GLOBAL,vnish.global,canonical integrity data,1.3.4,,u3s21exph,,xil,nand,vnish-u3s21exph-xil-nand-v1.3.4.tar.gz,https://vnish.global/downloads/firmware/1.3.4/stable/vnish-u3s21exph-xil-nand-v1.3.4.tar.gz,9b65807eb5c6cf0b3a0f5b9c8e4f189c1ab9affa408baa27f0ac192e7a8c8d28,16176276,historical,2026-08-12,VNISH GLOBAL public catalog metadata; binary not included.,Hash and byte-size metadata only; not a security or suitability verdict.
VNISH GLOBAL,vnish.global,canonical integrity data,1.3.5,,l7,,xil,nand,vnish-l7-xil-nand-v1.3.5.tar.gz,https://vnish.global/downloads/firmware/1.3.5/stable/vnish-l7-xil-nand-v1.3.5.tar.gz,fd8a0e9fd8da9f06c648317036b1d18c41d798563dbbaae6db23f17112532c57,16198297,current,2026-08-12,VNISH GLOBAL public catalog metadata; binary not included.,Hash and byte-size metadata only; not a security or suitability verdict.
VNISH GLOBAL,vnish.global,canonical integrity data,1.3.5,,l9,,aml,nand,vnish-l9-aml-nand-v1.3.5.tar.gz,https://vnish.global/downloads/firmware/1.3.5/stable/vnish-l9-aml-nand-v1.3.5.tar.gz,a5037649ec6832da708ca9d37ddf9e4b4f4afda10b00c1aa808c242e3944d7a2,21574424,current,2026-08-12,VNISH GLOBAL public catalog metadata; binary not included.,Hash and byte-size metadata only; not a security or suitability verdict.
VNISH GLOBAL,vnish.global,canonical integrity data,1.3.5,,l9,,cv,nand,vnish-l9-cv-nand-v1.3.5.tar.gz,https://vnish.global/downloads/firmware/1.3.5/stable/vnish-l9-cv-nand-v1.3.5.tar.gz,b96c6e7b42f58215ea9a8baaa32d7d6775763f80e49ad7ec48934995f01fd518,12367857,current,2026-08-12,VNISH GLOBAL public catalog metadata; binary not included.,Hash and byte-size metadata only; not a security or suitability verdict.
VNISH GLOBAL,vnish.global,canonical integrity data,1.3.5,,s19,,xil,nand,vnish-s19-xil-nand-v1.3.5.tar.gz,https://vnish.global/downloads/firmware/1.3.5/stable/vnish-s19-xil-nand-v1.3.5.tar.gz,5457531a2fa282c679a26a11955e09cf0574ad6ee726f1512215f3d40503ae0a,16196434,current,2026-08-12,VNISH GLOBAL public catalog metadata; binary not included.,Hash and byte-size metadata only; not a security or suitability verdict.
VNISH GLOBAL,vnish.global,canonical integrity data,1.3.5,,s19-126,,aml,nand,vnish-s19-126-aml-nand-v1.3.5.tar.gz,https://vnish.global/downloads/firmware/1.3.5/stable/vnish-s19-126-aml-nand-v1.3.5.tar.gz,88f72224051cb0e9546e682958f26b858aa89332ce1876cbd3b79581461a5549,21547281,current,2026-08-12,VNISH GLOBAL public catalog metadata; binary not included.,Hash and byte-size metadata only; not a security or suitability verdict.
VNISH GLOBAL,vnish.global,canonical integrity data,1.3.5,,s19-126,,cv,nand,vnish-s19-126-cv-nand-v1.3.5.tar.gz,https://vnish.global/downloads/firmware/1.3.5/stable/vnish-s19-126-cv-nand-v1.3.5.tar.gz,423e8463a91b43590db4d68b762ab73ec03fe8cc0083ace62374783e89571156,12389303,current,2026-08-12,VNISH GLOBAL public catalog metadata; binary not included.,Hash and byte-size metadata only; not a security or suitability verdict.
VNISH GLOBAL,vnish.global,canonical integrity data,1.3.5,,s19-88,,aml,nand,vnish-s19-88-aml-nand-v1.3.5.tar.gz,https://vnish.global/downloads/firmware/1.3.5/stable/vnish-s19-88-aml-nand-v1.3.5.tar.gz,f61725aa2e86d2e79c5f9712f4f873748a8311e93174e2563cbc246ba88c207d,21572556,current,2026-08-12,VNISH GLOBAL public catalog metadata; binary not included.,Hash and byte-size metadata only; not a security or suitability verdict.
VNISH GLOBAL,vnish.global,canonical integrity data,1.3.5,,s19-88,,bb,nand,vnish-s19-88-bb-nand-v1.3.5.tar.gz,https://vnish.global/downloads/firmware/1.3.5/stable/vnish-s19-88-bb-nand-v1.3.5.tar.gz,6ee67be44572f07a5e29ef9c8051650ec43be518e95020394fb5ff38cc65a492,19258261,current,2026-08-12,VNISH GLOBAL public catalog metadata; binary not included.,Hash and byte-size metadata only; not a security or suitability verdict.
VNISH GLOBAL,vnish.global,canonical integrity data,1.3.5,,s19-88,,cv,nand,vnish-s19-88-cv-nand-v1.3.5.tar.gz,https://vnish.global/downloads/firmware/1.3.5/stable/vnish-s19-88-cv-nand-v1.3.5.tar.gz,944139ca3de3c6256161bcdc7413b5a92c17561421217586463905cca05a0a54,12388915,current,2026-08-12,VNISH GLOBAL public catalog metadata; binary not included.,Hash and byte-size metadata only; not a security or suitability verdict.
VNISH GLOBAL,vnish.global,canonical integrity data,1.3.5,,s19-88,,xil,nand,vnish-s19-88-xil-nand-v1.3.5.tar.gz,https://vnish.global/downloads/firmware/1.3.5/stable/vnish-s19-88-xil-nand-v1.3.5.tar.gz,d161a3373ffead720eba5702dd87bcc28ed36d144103bc81c851d867f5e77dae,16175548,current,2026-08-12,VNISH GLOBAL public catalog metadata; binary not included.,Hash and byte-size metadata only; not a security or suitability verdict.
VNISH GLOBAL,vnish.global,canonical integrity data,1.3.5,,s19-hydro,,xil,nand,vnish-s19-hydro-xil-nand-v1.3.5.tar.gz,https://vnish.global/downloads/firmware/1.3.5/stable/vnish-s19-hydro-xil-nand-v1.3.5.tar.gz,4829a0c691fd5915595b4f12df7790286671eeba2a11d0f4c0e8ae4db8b45ffa,16199553,current,2026-08-12,VNISH GLOBAL public catalog metadata; binary not included.,Hash and byte-size metadata only; not a security or suitability verdict.
VNISH GLOBAL,vnish.global,canonical integrity data,1.3.5,,s19a,,xil,nand,vnish-s19a-xil-nand-v1.3.5.tar.gz,https://vnish.global/downloads/firmware/1.3.5/stable/vnish-s19a-xil-nand-v1.3.5.tar.gz,8ab6982093eb996893b79bbf31e44bf656700699f16e1fe892dd2752f4d17609,16172269,current,2026-08-12,VNISH GLOBAL public catalog metadata; binary not included.,Hash and byte-size metadata only; not a security or suitability verdict.
VNISH GLOBAL,vnish.global,canonical integrity data,1.3.5,,s19apro,,xil,nand,vnish-s19apro-xil-nand-v1.3.5.tar.gz,https://vnish.global/downloads/firmware/1.3.5/stable/vnish-s19apro-xil-nand-v1.3.5.tar.gz,7e52784408017e661cee1d25b8989d513e1a909d18ab8d0b17d83beb1c009f18,16203601,current,2026-08-12,VNISH GLOBAL public catalog metadata; binary not included.,Hash and byte-size metadata only; not a security or suitability verdict.
VNISH GLOBAL,vnish.global,canonical integrity data,1.3.5,,s19e-xp-hydro,,xil,nand,vnish-s19e-xp-hydro-xil-nand-v1.3.5.tar.gz,https://vnish.global/downloads/firmware/1.3.5/stable/vnish-s19e-xp-hydro-xil-nand-v1.3.5.tar.gz,9d52eb763cb71794bccb6c47fbba2404a6ed44165fab015b3a706afa9af8b06a,16177872,current,2026-08-12,VNISH GLOBAL public catalog metadata; binary not included.,Hash and byte-size metadata only; not a security or suitability verdict.
VNISH GLOBAL,vnish.global,canonical integrity data,1.3.5,,s19i,,xil,nand,vnish-s19i-xil-nand-v1.3.5.tar.gz,https://vnish.global/downloads/firmware/1.3.5/stable/vnish-s19i-xil-nand-v1.3.5.tar.gz,230578e081c774758f1b49dc72c7404b301089e88c18cdb5450284e298c0ed16,16173650,current,2026-08-12,VNISH GLOBAL public catalog metadata; binary not included.,Hash and byte-size metadata only; not a security or suitability verdict.
VNISH GLOBAL,vnish.global,canonical integrity data,1.3.5,,s19j,,bb,nand,vnish-s19j-bb-nand-v1.3.5.tar.gz,https://vnish.global/downloads/firmware/1.3.5/stable/vnish-s19j-bb-nand-v1.3.5.tar.gz,1a486fa4b31c42369e850d8804061eb78abe36523a0d105af141131d6cb600b3,19250124,current,2026-08-12,VNISH GLOBAL public catalog metadata; binary not included.,Hash and byte-size metadata only; not a security or suitability verdict.
VNISH GLOBAL,vnish.global,canonical integrity data,1.3.5,,s19j,,cv,nand,vnish-s19j-cv-nand-v1.3.5.tar.gz,https://vnish.global/downloads/firmware/1.3.5/stable/vnish-s19j-cv-nand-v1.3.5.tar.gz,c115983f2e7fd0047f2b959d5fcedb2da86dfa086abd2c480373b67edb22b755,12367100,current,2026-08-12,VNISH GLOBAL public catalog metadata; binary not included.,Hash and byte-size metadata only; not a security or suitability verdict.
VNISH GLOBAL,vnish.global,canonical integrity data,1.3.5,,s19j,,xil,nand,vnish-s19j-xil-nand-v1.3.5.tar.gz,https://vnish.global/downloads/firmware/1.3.5/stable/vnish-s19j-xil-nand-v1.3.5.tar.gz,7df27adc38bd2bc8c85d5ebab9dd67f95674394c7fbe4d9edd34cbcd5b217055,16172709,current,2026-08-12,VNISH GLOBAL public catalog metadata; binary not included.,Hash and byte-size metadata only; not a security or suitability verdict.
VNISH GLOBAL,vnish.global,canonical integrity data,1.3.5,,s19j-plus,,aml,nand,vnish-s19j-plus-aml-nand-v1.3.5.tar.gz,https://vnish.global/downloads/firmware/1.3.5/stable/vnish-s19j-plus-aml-nand-v1.3.5.tar.gz,24778f62e33090e6468941400eee4e4160195fcfa7dcd4c9849538da53a35707,21545042,current,2026-08-12,VNISH GLOBAL public catalog metadata; binary not included.,Hash and byte-size metadata only; not a security or suitability verdict.
VNISH GLOBAL,vnish.global,canonical integrity data,1.3.5,,s19j-plus,,bb,nand,vnish-s19j-plus-bb-nand-v1.3.5.tar.gz,https://vnish.global/downloads/firmware/1.3.5/stable/vnish-s19j-plus-bb-nand-v1.3.5.tar.gz,22cac0f30f3f37f6b56bc453d675ce8fb1175815d9269fba0e1e7e43531314a1,19250809,current,2026-08-12,VNISH GLOBAL public catalog metadata; binary not included.,Hash and byte-size metadata only; not a security or suitability verdict.
VNISH GLOBAL,vnish.global,canonical integrity data,1.3.5,,s19j-plus,,cv,nand,vnish-s19j-plus-cv-nand-v1.3.5.tar.gz,https://vnish.global/downloads/firmware/1.3.5/stable/vnish-s19j-plus-cv-nand-v1.3.5.tar.gz,cf1b3469cddb7fb7bb74821af3aaa5fb3469d5d689959942cd60cacb8265dc9c,12370158,current,2026-08-12,VNISH GLOBAL public catalog metadata; binary not included.,Hash and byte-size metadata only; not a security or suitability verdict.
VNISH GLOBAL,vnish.global,canonical integrity data,1.3.5,,s19j-plus,,xil,nand,vnish-s19j-plus-xil-nand-v1.3.5.tar.gz,https://vnish.global/downloads/firmware/1.3.5/stable/vnish-s19j-plus-xil-nand-v1.3.5.tar.gz,f8a82f96e86e6ddb6c14a0d59844ba01e0e6d73d5a467643632d51b7cb33fa75,16177937,current,2026-08-12,VNISH GLOBAL public catalog metadata; binary not included.,Hash and byte-size metadata only; not a security or suitability verdict.
VNISH GLOBAL,vnish.global,canonical integrity data,1.3.5,,s19j-xp,,aml,nand,vnish-s19j-xp-aml-nand-v1.3.5.tar.gz,https://vnish.global/downloads/firmware/1.3.5/stable/vnish-s19j-xp-aml-nand-v1.3.5.tar.gz,b35732549f8a76524b6810fa43d0030cd1b3ec3bfd6858b65fc7eea48556745d,21554516,current,2026-08-12,VNISH GLOBAL public catalog metadata; binary not included.,Hash and byte-size metadata only; not a security or suitability verdict.
VNISH GLOBAL,vnish.global,canonical integrity data,1.3.5,,s19j-xp,,cv,nand,vnish-s19j-xp-cv-nand-v1.3.5.tar.gz,https://vnish.global/downloads/firmware/1.3.5/stable/vnish-s19j-xp-cv-nand-v1.3.5.tar.gz,58d2b534595532214f19676f9eba6cd3ac1a9e59ede5eb519a3a8d2129f04dc3,12365068,current,2026-08-12,VNISH GLOBAL public catalog metadata; binary not included.,Hash and byte-size metadata only; not a security or suitability verdict.
VNISH GLOBAL,vnish.global,canonical integrity data,1.3.5,,s19j-xp,,xil,nand,vnish-s19j-xp-xil-nand-v1.3.5.tar.gz,https://vnish.global/downloads/firmware/1.3.5/stable/vnish-s19j-xp-xil-nand-v1.3.5.tar.gz,5843eaa485790b1093977dc1aa78e7bc8e7ac8300158057d673f4a463d5995f9,16174016,current,2026-08-12,VNISH GLOBAL public catalog metadata; binary not included.,Hash and byte-size metadata only; not a security or suitability verdict.
VNISH GLOBAL,vnish.global,canonical integrity data,1.3.5,,s19jpro,,aml,nand,vnish-s19jpro-aml-nand-v1.3.5.tar.gz,https://vnish.global/downloads/firmware/1.3.5/stable/vnish-s19jpro-aml-nand-v1.3.5.tar.gz,44adda05a0ec85d8d2fed3536d69ae260489e40141870e37bd354fde3013c613,21573858,current,2026-08-12,VNISH GLOBAL public catalog metadata; binary not included.,Hash and byte-size metadata only; not a security or suitability verdict.
VNISH GLOBAL,vnish.global,canonical integrity data,1.3.5,,s19jpro,,bb,nand,vnish-s19jpro-bb-nand-v1.3.5.tar.gz,https://vnish.global/downloads/firmware/1.3.5/stable/vnish-s19jpro-bb-nand-v1.3.5.tar.gz,2be55945c1119a1c59929890dc5d919fdef4df57cace5992a7a202008e04f103,19253325,current,2026-08-12,VNISH GLOBAL public catalog metadata; binary not included.,Hash and byte-size metadata only; not a security or suitability verdict.
VNISH GLOBAL,vnish.global,canonical integrity data,1.3.5,,s19jpro,,cv,nand,vnish-s19jpro-cv-nand-v1.3.5.tar.gz,https://vnish.global/downloads/firmware/1.3.5/stable/vnish-s19jpro-cv-nand-v1.3.5.tar.gz,3250bf081a00c600b798bf664dbbf192c59b59bcde6c0b14250ed257d5150872,12364083,current,2026-08-12,VNISH GLOBAL public catalog metadata; binary not included.,Hash and byte-size metadata only; not a security or suitability verdict.
VNISH GLOBAL,vnish.global,canonical integrity data,1.3.5,,s19jpro,,xil,nand,vnish-s19jpro-xil-nand-v1.3.5.tar.gz,https://vnish.global/downloads/firmware/1.3.5/stable/vnish-s19jpro-xil-nand-v1.3.5.tar.gz,a7648fe0616da7bc338fe53a1071c2321e20a7e0f02f735493c2301b8d121e5b,16202834,current,2026-08-12,VNISH GLOBAL public catalog metadata; binary not included.,Hash and byte-size metadata only; not a security or suitability verdict.
VNISH GLOBAL,vnish.global,canonical integrity data,1.3.5,,s19jpro-a,,aml,nand,vnish-s19jpro-a-aml-nand-v1.3.5.tar.gz,https://vnish.global/downloads/firmware/1.3.5/stable/vnish-s19jpro-a-aml-nand-v1.3.5.tar.gz,e554eeac25e76512bf0cfd444d160f0cee9fb13a2c62b43bf74d8c0b2908624a,21574626,current,2026-08-12,VNISH GLOBAL public catalog metadata; binary not included.,Hash and byte-size metadata only; not a security or suitability verdict.
VNISH GLOBAL,vnish.global,canonical integrity data,1.3.5,,s19jpro-a,,bb,nand,vnish-s19jpro-a-bb-nand-v1.3.5.tar.gz,https://vnish.global/downloads/firmware/1.3.5/stable/vnish-s19jpro-a-bb-nand-v1.3.5.tar.gz,fea695b330385677fd71b36deeb8e981ca09c602a0cb0917c80b16ec87485643,19276765,current,2026-08-12,VNISH GLOBAL public catalog metadata; binary not included.,Hash and byte-size metadata only; not a security or suitability verdict.
VNISH GLOBAL,vnish.global,canonical integrity data,1.3.5,,s19jpro-a,,cv,nand,vnish-s19jpro-a-cv-nand-v1.3.5.tar.gz,https://vnish.global/downloads/firmware/1.3.5/stable/vnish-s19jpro-a-cv-nand-v1.3.5.tar.gz,4ba848b4a59ddc6763a91be97b841e26da0d9359bdfa33cab977c17f978e7797,12395429,current,2026-08-12,VNISH GLOBAL public catalog metadata; binary not included.,Hash and byte-size metadata only; not a security or suitability verdict.
VNISH GLOBAL,vnish.global,canonical integrity data,1.3.5,,s19jpro-plus,,aml,nand,vnish-s19jpro-plus-aml-nand-v1.3.5.tar.gz,https://vnish.global/downloads/firmware/1.3.5/stable/vnish-s19jpro-plus-aml-nand-v1.3.5.tar.gz,42d15ac890ef92bdd69cd4bfbe517435751b4e49ee9a36d531f29474bd10c6cc,21566914,current,2026-08-12,VNISH GLOBAL public catalog metadata; binary not included.,Hash and byte-size metadata only; not a security or suitability verdict.
VNISH GLOBAL,vnish.global,canonical integrity data,1.3.5,,s19jpro-plus,,bb,nand,vnish-s19jpro-plus-bb-nand-v1.3.5.tar.gz,https://vnish.global/downloads/firmware/1.3.5/stable/vnish-s19jpro-plus-bb-nand-v1.3.5.tar.gz,ad9bf1a1a3dc1d83429bcdcd2193696a1ded061d188ac1499bdc82cac00fa28e,19287969,current,2026-08-12,VNISH GLOBAL public catalog metadata; binary not included.,Hash and byte-size metadata only; not a security or suitability verdict.
VNISH GLOBAL,vnish.global,canonical integrity data,1.3.5,,s19jpro-plus,,cv,nand,vnish-s19jpro-plus-cv-nand-v1.3.5.tar.gz,https://vnish.global/downloads/firmware/1.3.5/stable/vnish-s19jpro-plus-cv-nand-v1.3.5.tar.gz,583f62cd2cfda7ef0df48223adb549a98bf77ac43fb0adf7352830bf966edf21,12390023,current,2026-08-12,VNISH GLOBAL public catalog metadata; binary not included.,Hash and byte-size metadata only; not a security or suitability verdict.
VNISH GLOBAL,vnish.global,canonical integrity data,1.3.5,,s19jpro-plus,,xil,nand,vnish-s19jpro-plus-xil-nand-v1.3.5.tar.gz,https://vnish.global/downloads/firmware/1.3.5/stable/vnish-s19jpro-plus-xil-nand-v1.3.5.tar.gz,071e9da4597da9223b7475c476b8818d11ea4cf91433cd02f23584a484eac1e8,16177934,current,2026-08-12,VNISH GLOBAL public catalog metadata; binary not included.,Hash and byte-size metadata only; not a security or suitability verdict.
VNISH GLOBAL,vnish.global,canonical integrity data,1.3.5,,s19kpro,,aml,nand,vnish-s19kpro-aml-nand-v1.3.5.tar.gz,https://vnish.global/downloads/firmware/1.3.5/stable/vnish-s19kpro-aml-nand-v1.3.5.tar.gz,862e5879fdd051e044a3a2f8e1cd1e0b1061a338add5dd1b7a1c0e7924e75c39,21550002,current,2026-08-12,VNISH GLOBAL public catalog metadata; binary not included.,Hash and byte-size metadata only; not a security or suitability verdict.
VNISH GLOBAL,vnish.global,canonical integrity data,1.3.5,,s19kpro,,cv,nand,vnish-s19kpro-cv-nand-v1.3.5.tar.gz,https://vnish.global/downloads/firmware/1.3.5/stable/vnish-s19kpro-cv-nand-v1.3.5.tar.gz,94cd710ecf527a7abefbb24d48126d47d6402dff1733ad356be0eb4d9333d5c3,12368197,current,2026-08-12,VNISH GLOBAL public catalog metadata; binary not included.,Hash and byte-size metadata only; not a security or suitability verdict.
VNISH GLOBAL,vnish.global,canonical integrity data,1.3.5,,s19kpro,,xil,nand,vnish-s19kpro-xil-nand-v1.3.5.tar.gz,https://vnish.global/downloads/firmware/1.3.5/stable/vnish-s19kpro-xil-nand-v1.3.5.tar.gz,57d8ccf101df3dcfbe9fb2f392647ea4724d8ccc0516ccd83ed1b27ce5719be4,16171515,current,2026-08-12,VNISH GLOBAL public catalog metadata; binary not included.,Hash and byte-size metadata only; not a security or suitability verdict.
VNISH GLOBAL,vnish.global,canonical integrity data,1.3.5,,s19plus,,xil,nand,vnish-s19plus-xil-nand-v1.3.5.tar.gz,https://vnish.global/downloads/firmware/1.3.5/stable/vnish-s19plus-xil-nand-v1.3.5.tar.gz,b30f62dcdfeaf4277975ad58479e23165303880747ac6d7e4c257ae3b00982ac,16182680,current,2026-08-12,VNISH GLOBAL public catalog metadata; binary not included.,Hash and byte-size metadata only; not a security or suitability verdict.
VNISH GLOBAL,vnish.global,canonical integrity data,1.3.5,,s19pro,,xil,nand,vnish-s19pro-xil-nand-v1.3.5.tar.gz,https://vnish.global/downloads/firmware/1.3.5/stable/vnish-s19pro-xil-nand-v1.3.5.tar.gz,10c54fa93b1856c3034d68faaf2c14a1b5a9182c70db92c8ffe147b36d5fab4b,16202388,current,2026-08-12,VNISH GLOBAL public catalog metadata; binary not included.,Hash and byte-size metadata only; not a security or suitability verdict.
VNISH GLOBAL,vnish.global,canonical integrity data,1.3.5,,s19pro-a,,xil,nand,vnish-s19pro-a-xil-nand-v1.3.5.tar.gz,https://vnish.global/downloads/firmware/1.3.5/stable/vnish-s19pro-a-xil-nand-v1.3.5.tar.gz,a5c3c14a3e27d489374358b3fb8f7b203c50f2c213f3dd65749ea8bdd35dd9f7,16198437,current,2026-08-12,VNISH GLOBAL public catalog metadata; binary not included.,Hash and byte-size metadata only; not a security or suitability verdict.
VNISH GLOBAL,vnish.global,canonical integrity data,1.3.5,,s19pro-hydro,,xil,nand,vnish-s19pro-hydro-xil-nand-v1.3.5.tar.gz,https://vnish.global/downloads/firmware/1.3.5/stable/vnish-s19pro-hydro-xil-nand-v1.3.5.tar.gz,dfcc1ce7cc5a7f9b3a188ff3352123a05745e547a8e9367d8907a3bad394eccb,16197859,current,2026-08-12,VNISH GLOBAL public catalog metadata; binary not included.,Hash and byte-size metadata only; not a security or suitability verdict.
VNISH GLOBAL,vnish.global,canonical integrity data,1.3.5,,s19pro-hydro-120,,xil,nand,vnish-s19pro-hydro-120-xil-nand-v1.3.5.tar.gz,https://vnish.global/downloads/firmware/1.3.5/stable/vnish-s19pro-hydro-120-xil-nand-v1.3.5.tar.gz,82cc9567ceabfe1cca969612561be199e413710f365505ead500ea505ca81375,16196563,current,2026-08-12,VNISH GLOBAL public catalog metadata; binary not included.,Hash and byte-size metadata only; not a security or suitability verdict.
VNISH GLOBAL,vnish.global,canonical integrity data,1.3.5,,s19pro-plus-hydro,,xil,nand,vnish-s19pro-plus-hydro-xil-nand-v1.3.5.tar.gz,https://vnish.global/downloads/firmware/1.3.5/stable/vnish-s19pro-plus-hydro-xil-nand-v1.3.5.tar.gz,89ff5c7e2a5e35a35f5350cae6008b23e77364cf1c7da443ea3c3be777bedd14,16204564,current,2026-08-12,VNISH GLOBAL public catalog metadata; binary not included.,Hash and byte-size metadata only; not a security or suitability verdict.
VNISH GLOBAL,vnish.global,canonical integrity data,1.3.5,,s19xp,,aml,nand,vnish-s19xp-aml-nand-v1.3.5.tar.gz,https://vnish.global/downloads/firmware/1.3.5/stable/vnish-s19xp-aml-nand-v1.3.5.tar.gz,eab00a9f6cccda6c35598244a326833958928c9ccf25c45d1d261e261da88656,21566147,current,2026-08-12,VNISH GLOBAL public catalog metadata; binary not included.,Hash and byte-size metadata only; not a security or suitability verdict.
VNISH GLOBAL,vnish.global,canonical integrity data,1.3.5,,s19xp,,cv,nand,vnish-s19xp-cv-nand-v1.3.5.tar.gz,https://vnish.global/downloads/firmware/1.3.5/stable/vnish-s19xp-cv-nand-v1.3.5.tar.gz,68e550414b10a1e3c00dc59d06c7bb0c43d5a524d33c70bd3290755444578ace,12397672,current,2026-08-12,VNISH GLOBAL public catalog metadata; binary not included.,Hash and byte-size metadata only; not a security or suitability verdict.
VNISH GLOBAL,vnish.global,canonical integrity data,1.3.5,,s19xp,,xil,nand,vnish-s19xp-xil-nand-v1.3.5.tar.gz,https://vnish.global/downloads/firmware/1.3.5/stable/vnish-s19xp-xil-nand-v1.3.5.tar.gz,ae0cf9be1d4f9792f2a158f29146bda224fdfc36a5ae9c37837e218a29a4bdfe,16194287,current,2026-08-12,VNISH GLOBAL public catalog metadata; binary not included.,Hash and byte-size metadata only; not a security or suitability verdict.
VNISH GLOBAL,vnish.global,canonical integrity data,1.3.5,,s19xp-hydro,,xil,nand,vnish-s19xp-hydro-xil-nand-v1.3.5.tar.gz,https://vnish.global/downloads/firmware/1.3.5/stable/vnish-s19xp-hydro-xil-nand-v1.3.5.tar.gz,10768a6b207debc0f85297b00063dca1fcb3fb5cab435de8c9bb8c3bfbe07353,16178821,current,2026-08-12,VNISH GLOBAL public catalog metadata; binary not included.,Hash and byte-size metadata only; not a security or suitability verdict.
VNISH GLOBAL,vnish.global,canonical integrity data,1.3.5,,s19xp-plus,,aml,nand,vnish-s19xp-plus-aml-nand-v1.3.5.tar.gz,https://vnish.global/downloads/firmware/1.3.5/stable/vnish-s19xp-plus-aml-nand-v1.3.5.tar.gz,cf789bbf2061d66f9c5d5f87c534c209d4dce46fcb276a112927449dfdbbd75d,21549844,current,2026-08-12,VNISH GLOBAL public catalog metadata; binary not included.,Hash and byte-size metadata only; not a security or suitability verdict.
VNISH GLOBAL,vnish.global,canonical integrity data,1.3.5,,s19xp-plus-hydro,,xil,nand,vnish-s19xp-plus-hydro-xil-nand-v1.3.5.tar.gz,https://vnish.global/downloads/firmware/1.3.5/stable/vnish-s19xp-plus-hydro-xil-nand-v1.3.5.tar.gz,6b96d858a5d8c3db4c1121c06b980482cded8aa5d14eda3723a2925a9030cbf8,16175156,current,2026-08-12,VNISH GLOBAL public catalog metadata; binary not included.,Hash and byte-size metadata only; not a security or suitability verdict.
VNISH GLOBAL,vnish.global,canonical integrity data,1.3.5,,s21,,aml,nand,vnish-s21-aml-nand-v1.3.5.tar.gz,https://vnish.global/downloads/firmware/1.3.5/stable/vnish-s21-aml-nand-v1.3.5.tar.gz,da3d6312be551aeb8af90812dd41567cbaa3b87eb957dc7273414b9efbc1b6d9,21541929,current,2026-08-12,VNISH GLOBAL public catalog metadata; binary not included.,Hash and byte-size metadata only; not a security or suitability verdict.
VNISH GLOBAL,vnish.global,canonical integrity data,1.3.5,,s21-hydro,,xil,nand,vnish-s21-hydro-xil-nand-v1.3.5.tar.gz,https://vnish.global/downloads/firmware/1.3.5/stable/vnish-s21-hydro-xil-nand-v1.3.5.tar.gz,a1b84f29104d4bb7b87053cec19cea2a85031a119b4cb0798436845d1ef6fe13,16183541,current,2026-08-12,VNISH GLOBAL public catalog metadata; binary not included.,Hash and byte-size metadata only; not a security or suitability verdict.
VNISH GLOBAL,vnish.global,canonical integrity data,1.3.5,,s21-imm,,aml,nand,vnish-s21-imm-aml-nand-v1.3.5.tar.gz,https://vnish.global/downloads/firmware/1.3.5/stable/vnish-s21-imm-aml-nand-v1.3.5.tar.gz,d0a57caff9c7adf022f0e9047306d81d229c4978ec9b5c757784c17a68b4fc6e,21574860,current,2026-08-12,VNISH GLOBAL public catalog metadata; binary not included.,Hash and byte-size metadata only; not a security or suitability verdict.
VNISH GLOBAL,vnish.global,canonical integrity data,1.3.5,,s21e-hydro,,aml,nand,vnish-s21e-hydro-aml-nand-v1.3.5.tar.gz,https://vnish.global/downloads/firmware/1.3.5/stable/vnish-s21e-hydro-aml-nand-v1.3.5.tar.gz,b2d6f069f5420b160115c894cf399e7f69baa273f660c8592afe4ac35a79369f,21542470,current,2026-08-12,VNISH GLOBAL public catalog metadata; binary not included.,Hash and byte-size metadata only; not a security or suitability verdict.
VNISH GLOBAL,vnish.global,canonical integrity data,1.3.5,,s21e-hydro,,xil,nand,vnish-s21e-hydro-xil-nand-v1.3.5.tar.gz,https://vnish.global/downloads/firmware/1.3.5/stable/vnish-s21e-hydro-xil-nand-v1.3.5.tar.gz,4d72def8d726b889f365ff03f2f38409b8701908ad85bb2e7ff68352b23426e2,16172365,current,2026-08-12,VNISH GLOBAL public catalog metadata; binary not included.,Hash and byte-size metadata only; not a security or suitability verdict.
VNISH GLOBAL,vnish.global,canonical integrity data,1.3.5,,s21e-xp-hydro,,xil,nand,vnish-s21e-xp-hydro-xil-nand-v1.3.5.tar.gz,https://vnish.global/downloads/firmware/1.3.5/stable/vnish-s21e-xp-hydro-xil-nand-v1.3.5.tar.gz,ea73fdf847c67ee03b090af518e9d11b1ed81d005a21038793f013f06dae274b,16178516,current,2026-08-12,VNISH GLOBAL public catalog metadata; binary not included.,Hash and byte-size metadata only; not a security or suitability verdict.
VNISH GLOBAL,vnish.global,canonical integrity data,1.3.5,,s21plus,,aml,nand,vnish-s21plus-aml-nand-v1.3.5.tar.gz,https://vnish.global/downloads/firmware/1.3.5/stable/vnish-s21plus-aml-nand-v1.3.5.tar.gz,6552b1cfb2c5297e75a36f00d945e601d58aff3408ab873c2992e1873b320a26,21570052,current,2026-08-12,VNISH GLOBAL public catalog metadata; binary not included.,Hash and byte-size metadata only; not a security or suitability verdict.
VNISH GLOBAL,vnish.global,canonical integrity data,1.3.5,,s21plus-hydro,,cv,nand,vnish-s21plus-hydro-cv-nand-v1.3.5.tar.gz,https://vnish.global/downloads/firmware/1.3.5/stable/vnish-s21plus-hydro-cv-nand-v1.3.5.tar.gz,1b241e96879646b75cb7338743f1b19f9c2b625b0f7693714dd7dabfcc5e273c,12394556,current,2026-08-12,VNISH GLOBAL public catalog metadata; binary not included.,Hash and byte-size metadata only; not a security or suitability verdict.
VNISH GLOBAL,vnish.global,canonical integrity data,1.3.5,,s21plus-hydro,,xil,nand,vnish-s21plus-hydro-xil-nand-v1.3.5.tar.gz,https://vnish.global/downloads/firmware/1.3.5/stable/vnish-s21plus-hydro-xil-nand-v1.3.5.tar.gz,e2235f72b4bab0c6c38cfd1879176ccdde9a3e1c105b1684887e4677e7a5fc51,16193304,current,2026-08-12,VNISH GLOBAL public catalog metadata; binary not included.,Hash and byte-size metadata only; not a security or suitability verdict.
VNISH GLOBAL,vnish.global,canonical integrity data,1.3.5,,s21plus-plus,,aml,nand,vnish-s21plus-plus-aml-nand-v1.3.5.tar.gz,https://vnish.global/downloads/firmware/1.3.5/stable/vnish-s21plus-plus-aml-nand-v1.3.5.tar.gz,32bc1ff1bfd268710b2786d5008999e53dd7f5683af4b1bdf068e1d22ac92f26,21570895,current,2026-08-12,VNISH GLOBAL public catalog metadata; binary not included.,Hash and byte-size metadata only; not a security or suitability verdict.
VNISH GLOBAL,vnish.global,canonical integrity data,1.3.5,,s21pro,,aml,nand,vnish-s21pro-aml-nand-v1.3.5.tar.gz,https://vnish.global/downloads/firmware/1.3.5/stable/vnish-s21pro-aml-nand-v1.3.5.tar.gz,dcee247ff134ae1c3ddfe777f6174082ffe0cbea2d90232127facbc398b07793,21570972,current,2026-08-12,VNISH GLOBAL public catalog metadata; binary not included.,Hash and byte-size metadata only; not a security or suitability verdict.
VNISH GLOBAL,vnish.global,canonical integrity data,1.3.5,,s21pro-plus,,aml,nand,vnish-s21pro-plus-aml-nand-v1.3.5.tar.gz,https://vnish.global/downloads/firmware/1.3.5/stable/vnish-s21pro-plus-aml-nand-v1.3.5.tar.gz,9493ad780bdd88182a55d369de8aa3358e6eee5d4b9fb63e36075cc833df5186,21574686,current,2026-08-12,VNISH GLOBAL public catalog metadata; binary not included.,Hash and byte-size metadata only; not a security or suitability verdict.
VNISH GLOBAL,vnish.global,canonical integrity data,1.3.5,,s21xp,,aml,nand,vnish-s21xp-aml-nand-v1.3.5.tar.gz,https://vnish.global/downloads/firmware/1.3.5/stable/vnish-s21xp-aml-nand-v1.3.5.tar.gz,f8baad7feea6e534655a3ecf5c61563aed084f64c1eec53cea8fbf45d117d393,21569886,current,2026-08-12,VNISH GLOBAL public catalog metadata; binary not included.,Hash and byte-size metadata only; not a security or suitability verdict.
VNISH GLOBAL,vnish.global,canonical integrity data,1.3.5,,s21xp-hydro,,xil,nand,vnish-s21xp-hydro-xil-nand-v1.3.5.tar.gz,https://vnish.global/downloads/firmware/1.3.5/stable/vnish-s21xp-hydro-xil-nand-v1.3.5.tar.gz,fcf2dad8a181ff8f59c4f110c3f2d423e12242f1a2f1e5ab046a265d254ee0bf,16178115,current,2026-08-12,VNISH GLOBAL public catalog metadata; binary not included.,Hash and byte-size metadata only; not a security or suitability verdict.
VNISH GLOBAL,vnish.global,canonical integrity data,1.3.5,,s21xp-imm,,aml,nand,vnish-s21xp-imm-aml-nand-v1.3.5.tar.gz,https://vnish.global/downloads/firmware/1.3.5/stable/vnish-s21xp-imm-aml-nand-v1.3.5.tar.gz,8d0152cf30e12e71fa44e6d0b98b89e42a24cb596a62acbda700b37f378f3d88,21549001,current,2026-08-12,VNISH GLOBAL public catalog metadata; binary not included.,Hash and byte-size metadata only; not a security or suitability verdict.
VNISH GLOBAL,vnish.global,canonical integrity data,1.3.5,,t19,,xil,nand,vnish-t19-xil-nand-v1.3.5.tar.gz,https://vnish.global/downloads/firmware/1.3.5/stable/vnish-t19-xil-nand-v1.3.5.tar.gz,34d990bdf1a14b2e45d7b194aeacd6c6e8108e768e14ad34ce6c0ff8a41c748f,16174185,current,2026-08-12,VNISH GLOBAL public catalog metadata; binary not included.,Hash and byte-size metadata only; not a security or suitability verdict.
VNISH GLOBAL,vnish.global,canonical integrity data,1.3.5,,t19-hydro,,xil,nand,vnish-t19-hydro-xil-nand-v1.3.5.tar.gz,https://vnish.global/downloads/firmware/1.3.5/stable/vnish-t19-hydro-xil-nand-v1.3.5.tar.gz,4bd4fd56d12d325256627b31a1984b9cbea3e97042b69c0cd5073b0a17331978,16175276,current,2026-08-12,VNISH GLOBAL public catalog metadata; binary not included.,Hash and byte-size metadata only; not a security or suitability verdict.
VNISH GLOBAL,vnish.global,canonical integrity data,1.3.5,,t19pro-hydro,,xil,nand,vnish-t19pro-hydro-xil-nand-v1.3.5.tar.gz,https://vnish.global/downloads/firmware/1.3.5/stable/vnish-t19pro-hydro-xil-nand-v1.3.5.tar.gz,20137c73a96ecda325ef733a2cd9b45dca1d5155f8101065e03088b9c33e64e1,16180664,current,2026-08-12,VNISH GLOBAL public catalog metadata; binary not included.,Hash and byte-size metadata only; not a security or suitability verdict.
VNISH GLOBAL,vnish.global,canonical integrity data,1.3.5,,t21,,aml,nand,vnish-t21-aml-nand-v1.3.5.tar.gz,https://vnish.global/downloads/firmware/1.3.5/stable/vnish-t21-aml-nand-v1.3.5.tar.gz,4dcb70e6774b23a96bb667fc184b433551b3c40f3e7e92e9908c5c54962330ae,21543890,current,2026-08-12,VNISH GLOBAL public catalog metadata; binary not included.,Hash and byte-size metadata only; not a security or suitability verdict.
VNISH GLOBAL,vnish.global,canonical integrity data,1.3.5,,t21,,cv,nand,vnish-t21-cv-nand-v1.3.5.tar.gz,https://vnish.global/downloads/firmware/1.3.5/stable/vnish-t21-cv-nand-v1.3.5.tar.gz,597e15133d3bdfe8aafb96315342602facfe9226a196e61a8567e93a8d408e41,12362299,current,2026-08-12,VNISH GLOBAL public catalog metadata; binary not included.,Hash and byte-size metadata only; not a security or suitability verdict.
VNISH GLOBAL,vnish.global,canonical integrity data,1.3.5,,t21,,xil,nand,vnish-t21-xil-nand-v1.3.5.tar.gz,https://vnish.global/downloads/firmware/1.3.5/stable/vnish-t21-xil-nand-v1.3.5.tar.gz,eff551bbe9e88ff9444d66dedac20ec7ae9b1c0d2bc6756eb57f0e02d69b4589,16176233,current,2026-08-12,VNISH GLOBAL public catalog metadata; binary not included.,Hash and byte-size metadata only; not a security or suitability verdict.
VNISH GLOBAL,vnish.global,canonical integrity data,1.3.5,,u2l9h,,aml,nand,vnish-u2l9h-aml-nand-v1.3.5.tar.gz,https://vnish.global/downloads/firmware/1.3.5/stable/vnish-u2l9h-aml-nand-v1.3.5.tar.gz,95a77bfa2e37a7be83cb277b4cc9ea257ed036af80f1f38de53be79e053d3110,21574547,current,2026-08-12,VNISH GLOBAL public catalog metadata; binary not included.,Hash and byte-size metadata only; not a security or suitability verdict.
VNISH GLOBAL,vnish.global,canonical integrity data,1.3.5,,u3s19xph,,cv,nand,vnish-u3s19xph-cv-nand-v1.3.5.tar.gz,https://vnish.global/downloads/firmware/1.3.5/stable/vnish-u3s19xph-cv-nand-v1.3.5.tar.gz,cc0e0045870247304045dc3e11a7e4c71241f067a56504355bb8c1a8b31429c4,12394566,current,2026-08-12,VNISH GLOBAL public catalog metadata; binary not included.,Hash and byte-size metadata only; not a security or suitability verdict.
VNISH GLOBAL,vnish.global,canonical integrity data,1.3.5,,u3s21exph,,xil,nand,vnish-u3s21exph-xil-nand-v1.3.5.tar.gz,https://vnish.global/downloads/firmware/1.3.5/stable/vnish-u3s21exph-xil-nand-v1.3.5.tar.gz,3baa1f0445b86ee4d2e7c6872c5ce824d5b8c35affee06388a297b61edc2cd59,16199380,current,2026-08-12,VNISH GLOBAL public catalog metadata; binary not included.,Hash and byte-size metadata only; not a security or suitability verdict.
